base_impl,attrCount,revealRatio,desktop_wallet_ms,mobile_wallet_ms,raspberry_pi_wallet_ms,desktop_verifier_ms,mobile_verifier_ms,raspberry_pi_verifier_ms
bbs2023-digitalbazaar,5,0.2,179.13569897999994,878.3303847200001,3966.146542959999,64.54174698000003,307.2528938799999,1455.7167156200012
bbs2023-digitalbazaar,5,0.4,174.82959287999998,827.9801538599994,3858.0902034400046,64.34798874000015,292.2746830200002,1444.4744374800014
bbs2023-digitalbazaar,5,0.6,170.57004035999992,820.0433277200013,3793.328413400004,63.8028813399998,296.33542772000044,1440.5362431399908
bbs2023-digitalbazaar,5,0.8,168.4915490000004,800.1089092399989,3732.7528057000018,64.04450059999988,292.84328766000283,1448.2543811400094
bbs2023-digitalbazaar,5,1.0,163.59548926000062,784.8784154799994,3673.242097979996,63.03397608000014,293.1743307399988,1448.7928160200106
bbs2023-digitalbazaar,6,0.2,188.78935460000022,894.9342200600013,4229.179876620011,67.47641616000008,310.3255631200038,1531.8340418000078
bbs2023-digitalbazaar,6,0.4,185.1471981400004,879.0911601200037,4172.188237699983,66.75064654000016,309.74121849999824,1534.6725780400075
bbs2023-digitalbazaar,6,0.6,183.15125248000084,868.6939877800027,4115.820603880007,67.0565209599986,309.377749180001,1537.8527362999832
bbs2023-digitalbazaar,6,0.8,180.56364100000036,857.7398739999999,4058.307113580019,67.00465475999926,309.00798919999625,1534.6165022199973
bbs2023-digitalbazaar,6,1.0,175.25519474000234,835.9673139000009,3944.974224679996,66.93301848000061,309.75689549999896,1534.9759726000252
bbs2023-digitalbazaar,7,0.2,203.44392351999937,958.8206077000045,4558.753578479993,71.32695329999929,328.5613953599997,1622.5626998400362
bbs2023-digitalbazaar,7,0.4,199.77069267999906,946.4841539199953,4502.961257399991,71.32315114000171,329.0450737600017,1625.5829964799527
bbs2023-digitalbazaar,7,0.6,194.87266890000058,921.0807493399946,4389.51708465999,70.92041249999922,327.4155108799925,1623.0133869399876
bbs2023-digitalbazaar,7,0.8,190.89453342000053,911.6427723199897,4334.633302339996,70.7066867000013,328.81529386000244,1628.3885074200389
bbs2023-digitalbazaar,7,1.0,187.62875083999825,888.2438554799905,4220.025972219966,71.27664342000091,328.02382626000093,1627.111610860005
bbs2023-digitalbazaar,8,0.2,215.33686301999958,1020.7846461800136,4894.397089199992,74.70892731999979,345.6120046600001,1718.191524459999
bbs2023-digitalbazaar,8,0.4,210.78719924000035,999.7386462600017,4779.653663359983,74.62306470000127,347.15697705999946,1716.7796424200199
bbs2023-digitalbazaar,8,0.6,207.60315153999835,986.3456693000044,4722.255759420032,74.58622491999878,345.71853236000055,1715.8095029599779
bbs2023-digitalbazaar,8,0.8,204.94808891999827,962.2037246800121,4609.5270809799895,75.18418587999942,345.4177369000018,1718.7678368999996
bbs2023-digitalbazaar,8,1.0,199.56205465999838,1060.7961476599985,4497.020449999962,74.90673724000168,399.14357387999536,1715.7001344000175
bbs2023-digitalbazaar,9,0.2,230.85153382000107,1165.7174046600076,5228.7676144200195,78.92066725999815,382.23607995999043,1804.8846190400236
bbs2023-digitalbazaar,9,0.4,227.05654581999698,965.7357616200019,5119.797243659943,79.12830333999882,336.9264893199899,1806.3090130200983
bbs2023-digitalbazaar,9,0.6,218.25277011999918,996.5153923800076,5007.564661640041,77.95060983999748,350.6770446600043,1815.0079215200617
bbs2023-digitalbazaar,9,0.8,214.6130521400011,1030.6776061600167,4896.214262219984,78.45700145999609,369.40008932000956,1810.01997940002
bbs2023-digitalbazaar,9,1.0,210.24105206000152,996.5776769800065,4782.947589580044,79.04445114000119,364.74075539999643,1813.472741159983
bbs2023-digitalbazaar,10,0.2,237.91287693999823,1143.053083140012,5509.248838080019,81.1868740800029,384.96527536000127,1916.5415349000134
bbs2023-digitalbazaar,10,0.4,231.74570477999515,1116.644218580015,5398.51211214006,81.03687791999896,382.03322000001094,1916.8627704200521
bbs2023-digitalbazaar,10,0.6,229.11210649999674,1111.5408369199793,5287.36479034001,81.58026762000286,389.5046877200017,1918.4004304599762
bbs2023-digitalbazaar,10,0.8,224.7034960999945,1031.084521680004,5172.780955839958,81.84204217999708,372.9999569399841,1907.854670720063
bbs2023-digitalbazaar,10,1.0,222.62422270000562,1019.7174646400055,5060.581853020005,83.22432821999887,373.7186907400051,1905.8105694000797
bbs2023-digitalbazaar,20,0.5,359.60903636000467,1712.886587800011,,120.38660835999879,567.2361831399799,
bbs2023-digitalbazaar,40,0.5,614.6749507799977,2949.0379633399984,,197.59212655999815,939.5283154200157,
bbs2023-digitalbazaar,60,0.5,891.7757804199948,4246.5978618799945,,281.39485124000464,1342.859192359997,
bbs2023-digitalbazaar,80,0.5,1326.366091600001,5392.218971099993,,411.39477511999314,1662.3775631799922,
bbs2023-digitalbazaar,100,0.5,1746.4645779200107,6462.583289479977,,542.7655490000034,1989.9721940399986,
bbs2023-pairing-crypto,5,0.2,47.414967939999975,166.90203549999995,973.9292209196091,8.944319599999998,29.80934767999999,195.60774827986955
bbs2023-pairing-crypto,5,0.4,44.381283540000005,157.73446923999992,927.7239016993344,8.116652399999966,27.433661520000058,180.3865779605508
bbs2023-pairing-crypto,5,0.6,43.12529974000001,154.3616907199999,903.1546722194553,7.5653627799998135,25.579203100000086,168.07825678005815
bbs2023-pairing-crypto,5,0.8,43.75473430000009,163.9331385000002,878.6362120193243,7.204945679999874,25.555124660000438,154.5204129999876
bbs2023-pairing-crypto,5,1.0,40.04671209999982,167.4389076600004,854.8681785193086,6.18449480000003,22.127569259999873,140.90869564041495
bbs2023-pairing-crypto,6,0.2,45.99362258000005,185.23673535999959,976.7300187598169,9.115609420000146,31.85630307999949,206.67557885989547
bbs2023-pairing-crypto,6,0.4,45.82122710000018,181.41509224000023,957.2191406208277,8.764287719999993,30.09067848000006,194.1804512399435
bbs2023-pairing-crypto,6,0.6,44.824974359999906,178.70020306000077,937.2461873996258,8.14767325999943,27.8186092599995,180.4938643400371
bbs2023-pairing-crypto,6,0.8,43.03357127999996,175.1948908400003,917.6312182794511,7.424240419999842,25.94886006000015,167.86158038035035
bbs2023-pairing-crypto,6,1.0,41.625617779999594,168.2361599599989,877.3100549806654,6.379669779999822,21.97032447999896,140.75443239971995
bbs2023-pairing-crypto,7,0.2,48.160350919999836,192.1172199999998,1023.9318706798554,9.594885479999794,33.60189532000222,218.40753949940205
bbs2023-pairing-crypto,7,0.4,45.81605974000013,186.05913386000145,1005.0736420594155,8.882325579999742,31.757861540000594,206.1928770594299
bbs2023-pairing-crypto,7,0.6,44.841526519999604,180.08944470000105,969.9822873397171,7.959951980000187,27.792617000000902,180.47757979989052
bbs2023-pairing-crypto,7,0.8,43.7717483800005,176.86676152000058,948.8963000796736,7.422010620000801,26.501989220000688,167.94323740005493
bbs2023-pairing-crypto,7,1.0,42.14116649999982,170.0567153599992,909.9561511395872,6.202215999999899,21.9033309,140.70186941966415
bbs2023-pairing-crypto,8,0.2,49.3017787400003,195.38818917999976,1068.6079554601013,10.334474159999226,35.880212340001016,231.93453438043593
bbs2023-pairing-crypto,8,0.4,49.01529350000026,190.01477227999945,1032.7996853597463,9.186948219999758,32.277927680001014,206.26761487960815
bbs2023-pairing-crypto,8,0.6,47.16891798000041,199.11461686000052,1016.6344389997423,8.551043580000114,32.3806507000007,194.31479453995823
bbs2023-pairing-crypto,8,0.8,46.30659386000043,181.93745535999943,978.28269923985,7.5645235399995,25.964112319999842,167.75908829927445
bbs2023-pairing-crypto,8,1.0,42.52612918000028,174.3483400599996,939.4076019601524,6.13800676000028,22.063963060000095,140.5148003001511
bbs2023-pairing-crypto,9,0.2,51.518651040000115,200.63331538000028,1113.5989263394474,10.624043820000079,37.65079686000012,243.9488975006342
bbs2023-pairing-crypto,9,0.4,49.80097322000031,195.1463108399976,1077.9627892802655,9.59411224000025,33.61796298000205,218.42336296021938
bbs2023-pairing-crypto,9,0.6,48.455290899999675,189.7692907200026,1043.2661602005362,8.469611640000075,29.813212300000014,194.38504176035522
bbs2023-pairing-crypto,9,0.8,47.01644741999975,184.45391863999888,1004.9377766588331,7.376869200000219,25.834024559999815,167.58572358101605
bbs2023-pairing-crypto,9,1.0,45.5144031200002,178.23565547999985,968.1105936798454,6.243523239999631,22.0563985399995,140.48589131921528
bbs2023-pairing-crypto,10,0.2,53.120754579999485,206.07838467999827,1144.8918849378824,10.955333280001215,37.47750766000186,243.79873342067003
bbs2023-pairing-crypto,10,0.4,50.69713001999975,198.89939526,1109.9161144003272,9.499154720000224,33.583720040000046,218.03470333874225
bbs2023-pairing-crypto,10,0.6,50.119942760000704,193.56510157999872,1075.1751366996766,8.61114316000021,29.77250604000059,193.8491507190466
bbs2023-pairing-crypto,10,0.8,48.38975288000016,188.6695815399976,1037.030655220747,7.413774580000318,25.8972877399961,168.2145619803667
bbs2023-pairing-crypto,10,1.0,46.216455880001305,181.92985837999615,998.0023685598374,6.241051520000619,21.960204640000594,140.2245158803463
bbs2023-pairing-crypto,20,0.5,67.27096169999946,255.77712773999548,1482.3884014198184,11.819577940000453,41.57698312000372,269.354609939456
bbs2023-pairing-crypto,40,0.5,96.87878197999903,357.66934625999886,2153.761567839682,17.458857459999855,60.615149379997746,394.09265459895136
bbs2023-pairing-crypto,60,0.5,121.84435674000036,444.8524938399985,2710.2337442988155,21.63205833999993,75.57776153999846,490.72131567925214
bbs2023-pairing-crypto,80,0.5,153.44950752000238,541.9178415599931,3364.5597962796687,27.489472539999404,92.73858918000013,604.8943911609053
bbs2023-pairing-crypto,100,0.5,182.1424691799996,640.8562400000019,4016.5883096811176,32.110200999999364,109.99649696000154,719.3287009194494
json-bbs-plus,5,0.2,78.60261571999999,279.30324156,1524.4435882207752,24.171992779999954,79.82984312000006,462.39036582052705
json-bbs-plus,5,0.4,78.58370339999993,271.05944613999986,1496.8561980801821,24.59526374000008,80.17872310000017,465.76378585904837
json-bbs-plus,5,0.6,77.28218361999981,270.18481999999955,1485.119057839811,24.64960063999999,80.4966784200001,467.63337054044007
json-bbs-plus,5,0.8,78.40189456000003,267.84554612000034,1476.5081512215734,24.723548879999836,80.6206324399999,468.6230234184861
json-bbs-plus,5,1.0,78.74831137999995,266.71862932000033,1466.0329292991757,25.18172906,80.79375073999952,468.97900416105983
json-bbs-plus,6,0.2,81.40681364000011,297.43716465999864,1553.025456440747,25.112046239999835,86.24188309999998,473.0204926988483
json-bbs-plus,6,0.4,80.79276777999992,303.5282416400002,1552.925411079526,25.27275232,82.94721997999994,477.47372117966415
json-bbs-plus,6,0.6,81.55267039999956,300.51183382000045,1546.4197945803403,25.693582020000175,83.10950927999889,479.18605811923743
json-bbs-plus,6,0.8,82.2341933199999,300.11981853999924,1537.5199880212544,25.73451497999995,83.38793078000076,480.38381889909505
json-bbs-plus,6,1.0,80.42727816000057,296.88140775999983,1523.3677635991573,25.81444117999956,83.4869800000015,481.2193762204051
json-bbs-plus,7,0.2,86.69869230000026,311.6807508399984,1610.6618795400857,26.175325200000223,83.81657383999904,484.0036584198475
json-bbs-plus,7,0.4,86.51736292000015,308.8018461400003,1607.6344009593129,26.392344040000463,84.64367846000124,488.6949846410751
json-bbs-plus,7,0.6,84.53242128000012,308.797664560001,1600.932099159658,25.918173300000344,85.33243534000184,492.37563320130107
json-bbs-plus,7,0.8,85.90399698000009,309.10324626000016,1595.3604856792092,26.81840530000016,86.13221853999944,493.5678570780158
json-bbs-plus,7,1.0,84.82714042000022,303.6493415599974,1581.4262277176977,26.388713720000524,85.32208619999874,492.80544264018533
json-bbs-plus,8,0.2,88.70340220000043,320.01075238000135,1672.7755020204186,26.29910616000154,85.79291388000013,495.42062544077635
json-bbs-plus,8,0.4,90.58766212000018,318.6347446400003,1667.1008682605625,27.267627439999778,86.98854314000054,501.8929986587167
json-bbs-plus,8,0.6,88.7457604800022,319.7142385000066,1662.4801371622086,27.081524299999,87.54627084000269,503.957557221055
json-bbs-plus,8,0.8,88.67059723999992,316.9792876199947,1654.6804946792126,27.40057628000126,87.71824926000205,505.9799394395948
json-bbs-plus,8,1.0,88.46473583999992,314.4743109399988,1640.3699011400342,27.57751003999787,87.796410860006,505.22585292100905
json-bbs-plus,9,0.2,92.88725102000085,330.2028400400013,1736.6827901998163,27.152200160000067,88.0594491200021,506.74637302041054
json-bbs-plus,9,0.4,92.28423126000038,329.19180461999844,1733.1186226812006,27.451954620000034,88.92033537999843,513.6214736610651
json-bbs-plus,9,0.6,92.51010343999923,327.8228369199997,1725.1916654396057,27.549764519999442,89.53930464000325,517.0266002801061
json-bbs-plus,9,0.8,92.169625980001,325.74724919999716,1712.2316575998068,27.76183021999983,89.54266453999327,517.2185287010669
json-bbs-plus,9,1.0,91.24729607999994,324.50443389999447,1700.3365813997389,27.446654780001555,89.611070840006,516.1507639595866
json-bbs-plus,10,0.2,96.15400962000102,340.6414354600012,1799.700887979269,27.766934059999475,90.55097077999613,522.8767163601518
json-bbs-plus,10,0.4,96.48083203999879,339.33733385999454,1795.7444031396508,28.217046279996865,91.14977071999573,526.6844099390506
json-bbs-plus,10,0.6,95.57255243999825,338.8067307599995,1785.594721801579,28.29493209999957,91.73781080000684,528.91393691957
json-bbs-plus,10,0.8,94.30879379999999,335.3785801399965,1773.3024800404905,28.0782343400002,91.61730618000496,528.9362270590663
json-bbs-plus,10,1.0,93.24896467999847,333.47200612000074,1761.4028874197602,27.882916839998217,91.47003227999899,527.9431517606973
json-bbs-plus,20,0.5,131.03440197999763,446.0016323399986,2416.6019269791245,34.767126519999,111.2419830599986,644.0147148805856
json-bbs-plus,40,0.5,197.57577477999962,655.2008292999957,3650.352517219782,46.538773399999485,148.42724002000875,861.9193587195873
json-bbs-plus,60,0.5,263.75512649999934,856.672481599995,4844.132491039633,58.21080732000351,183.35399543999694,1066.1579916593432
json-bbs-plus,80,0.5,328.2508805799991,1058.829556980005,,69.36363706000382,218.3380230999971,
json-bbs-plus,100,0.5,393.8415566200012,1292.3350323600018,,80.38463147999776,259.2120847000042,
jwt-legacy,5,0.2,4.749923500000005,33.81969541999998,77.00779702000007,0.24191358000000038,2.6833585800000264,3.3343100000000776
jwt-legacy,5,0.4,3.64330387999993,30.076687659999887,60.86955928,0.2247092000000339,2.761646259999952,3.1842737800000034
jwt-legacy,5,0.6,3.5519376999999803,28.090607680000048,57.8130666199997,0.2316402999998718,2.7681784800000058,3.297800780000107
jwt-legacy,5,0.8,3.3774326799999836,27.941553980000045,54.68047923999962,0.23295602000001964,2.8623198999999477,3.2541111799999634
jwt-legacy,5,1.0,3.0795431599999756,27.309218480000055,50.91170086000005,0.19887398000008033,2.6962906800000566,2.976623080000063
jwt-legacy,6,0.2,2.9857037200000742,26.194072319999904,49.92525230000014,0.20868668000006438,2.566990839999962,2.894360599999636
jwt-legacy,6,0.4,2.970219159999997,26.701190759999953,47.59996269999974,0.2092332199998782,2.7741584800000783,2.8053847600003063
jwt-legacy,6,0.6,2.871774040000091,25.662752340000043,47.27742569999995,0.20774364000008064,2.6982168400000592,2.791376439999876
jwt-legacy,6,0.8,2.9320514800000637,25.621529200000115,46.573340000000535,0.19562212000000728,2.5603507999999784,2.928438839999944
jwt-legacy,6,1.0,2.8903846999999767,24.96702455999977,46.033175159999665,0.20724549999998998,2.6397107199995298,2.857503299999662
jwt-legacy,7,0.2,2.8045943999999325,25.13678926000037,45.184677419999645,0.1965799200001311,2.648473819999999,2.662685900000215
jwt-legacy,7,0.4,2.8047392200001013,25.07057536000015,45.562133139999645,0.21200736000002507,2.4293523399999684,2.8683492199993634
jwt-legacy,7,0.6,2.775665340000014,25.34973538000013,45.045744120000016,0.20366233999995528,2.8849324399999023,2.7361161400000857
jwt-legacy,7,0.8,2.7358734799999547,24.94946616000001,44.24907021999985,0.19457484000005934,2.65546617999993,2.93625017999977
jwt-legacy,7,1.0,2.725463219999983,23.426544639999776,43.199838440000455,0.25147050000010496,2.325933799999766,2.6500442800000017
jwt-legacy,8,0.2,2.7671806799998375,25.14771388000023,43.37482876000038,0.18943376000002898,2.5227307799999834,2.5746288400003685
jwt-legacy,8,0.4,2.5993677799999206,24.31233538000008,43.705051119999986,0.18806288000021595,2.4664693600004104,2.675765179999871
jwt-legacy,8,0.6,2.6445906599998854,24.761675420000174,43.24551020000013,0.21292925999994622,2.8089662800002406,2.5617985000001497
jwt-legacy,8,0.8,2.7216293999998378,24.67506613999991,43.80463644000003,0.21325086000008014,2.6875399999999354,2.7467650200000207
jwt-legacy,8,1.0,2.713752380000151,24.252866139999824,42.88703868000012,0.2069932799998787,2.6152169199995843,2.6825983999998426
jwt-legacy,9,0.2,2.685066020000049,24.325903060000055,43.524320139999475,0.2067717800000537,2.765530799999615,2.4968404600005307
jwt-legacy,9,0.4,2.616223379999901,24.20323387999917,42.51071947999939,0.18938104000015302,2.630604580000072,2.4764560400001936
jwt-legacy,9,0.6,2.708684260000191,23.697610799999676,43.35603184000036,0.19988824000000022,2.576461480000871,2.586311139999598
jwt-legacy,9,0.8,2.6263667200001874,23.87592929999926,42.68523586000054,0.1969696800001111,2.6676799799999573,2.61398911999946
jwt-legacy,9,1.0,2.6672849199999837,24.38094921999975,42.99073757999897,0.24794988000019658,2.770884659999865,2.6052965199996834
jwt-legacy,10,0.2,3.0151316999999835,23.228069219999888,42.36191960000084,0.20177472000006674,2.524084559999319,2.472881060000218
jwt-legacy,10,0.4,2.955577159999957,23.620306160000183,42.35902789999935,0.21418870000001333,2.4974491999993917,2.5348142800002824
jwt-legacy,10,0.6,2.9833748399999966,23.534429280000477,43.3582869799991,0.2266703600000619,2.654052300000476,2.5810527999998887
jwt-legacy,10,0.8,2.9912699600000634,24.145407679999334,42.429042439999755,0.23323129999997036,2.580336879999959,2.6515651399991476
jwt-legacy,10,1.0,2.488546160000151,24.000576880000153,43.44253484000015,0.1901629800000228,2.674347759999946,2.681903620000812
jwt-legacy,20,0.5,2.6116914800000086,22.637578439998762,43.72201255999942,0.20149090000002615,2.2300092599990604,2.7439180800004395
jwt-legacy,40,0.5,2.9065158000000157,24.927569240000448,46.25384973999986,0.2528077000000121,2.6790953799997808,3.0512906600002316
jwt-legacy,60,0.5,2.702029640000037,25.07041071999978,47.51940013999905,0.25152240000006715,3.0248446400002287,3.4969984599985766
jwt-legacy,80,0.5,3.1902749999999287,25.749649240000146,50.364093119999744,0.2735635400000319,3.1843907800003945,3.9386634400006733
jwt-legacy,100,0.5,3.2183797200000117,25.786929360000357,51.767452680000275,0.27978498000011315,3.3259476799995173,4.337422160001297
